Scenario,10CH4_SSP119,10CH4_SSP434,10CH4_SSP585,CNTR_SSP119,CNTR_SSP434,CNTR_SSP585,antro10_SSP119,antro10_SSP434,antro10_SSP585
YR13,188.1276975786667,234.93176388266667,245.20931464533336,180.97834120533335,224.97497497600003,234.1178094933333,202.8024832,247.34954291200003,256.0896109226667
