Scenario,10CH4_SSP119,10CH4_SSP434,10CH4_SSP585,CNTR_SSP119,CNTR_SSP434,CNTR_SSP585,antro10_SSP119,antro10_SSP434,antro10_SSP585
YR9,4308.72952832,6715.333760341334,7385.025915562666,3916.270425429333,6104.017666048,6712.616419328001,3916.341095082667,6104.044404736001,6712.648881493334
