,10CH4_SSP119,10CH4_SSP434,10CH4_SSP585,CNTR_SSP119,CNTR_SSP434,CNTR_SSP585,antro10_SSP119,antro10_SSP434,antro10_SSP585
YR9,514.3194728197903,639.7353234123939,667.535937458556,495.28592590707376,613.3083702452011,638.0609112318211,558.208382635107,677.7958165069535,701.4570972381325
