,10CH4_SSP119,10CH4_SSP434,10CH4_SSP585,CNTR_SSP119,CNTR_SSP434,CNTR_SSP585,antro10_SSP119,antro10_SSP434,antro10_SSP585
YR9,1569.5661797726627,2445.0929467327164,2690.3999776862834,1426.8783439770511,2222.811767417478,2445.8181541443328,1426.8783442923873,2222.81176799365,2445.818154831509
