Scenario,CNTR,antro1,H2_avi
YR4,204.54344704000002,206.565441536,206.15310677333332
