Scenario,CNTR,antro1,H2_avi
YR4,4975.034586453334,4975.045771264,4975.044111018667
