,CNTR,antro1,H2_avi
YR4,559.0491444332079,564.9681258971063,563.6139407866107
