,CNTR,antro1,H2_avi
YR4,1813.0601586024954,1813.0601587968724,1813.0601588610389
