,CNTR,antro1,H2_avi
Total emission [Tg],32.24252978624019,33.24495697646617,33.242529786645555
