,antro01,antro1,antro10,antro100,nemo,epia,munich,usdrydep,maud,zep,maxdep,SSP119,SSP434,SSP585
O3,9.17081022662567,9.17081022662567,9.17081022662567,9.17081022662567,9.17081022662567,9.17081022662567,9.17081022662567,9.17081022662567,9.17081022662567,9.17081022662567,9.17081022662567,9.917662717847783,9.424022673320623,9.481131803924484
CH4,15.713839362793982,15.713839362793982,15.713839362793982,15.713839362793982,15.713839362793982,15.713839362793982,15.713839362793982,15.713839362793982,15.713839362793982,15.713839362793982,15.713839362793982,16.260359036815068,18.37320515343704,17.96382045043384
strat H2O,2.1438111598636818,2.1438111598636818,2.1438111598636818,2.1438111598636818,2.1438111598636818,2.1438111598636818,2.1438111598636818,2.1438111598636818,2.1438111598636818,2.1438111598636818,2.1438111598636818,2.46383554294041,2.6645714039151893,2.5887960168351163
H2,0.18364653030166356,0.18841651300617993,0.1886103384614776,0.1825837188588645,0.21347852531335365,0.16639129703616634,0.17841434763826294,0.15295075959855509,0.21406695052922753,0.17506888565640724,0.17530646438990746,0.7286398288361472,0.7456723401768293,0.7758007150592579
