,antro01,antro1,antro10,antro100,nemo,epia,munich,usdrydep,maud,zep,maxdep,SSP119,SSP434,SSP585
O3,9.17081022662567,9.17081022662567,9.17081022662567,9.17081022662567,9.17081022662567,9.17081022662567,9.17081022662567,9.17081022662567,9.17081022662567,9.17081022662567,9.17081022662567,9.917662717847783,9.424022673320623,9.481131803924484
CH4,15.713839362793982,15.713839362793982,15.713839362793982,15.713839362793982,15.713839362793982,15.713839362793982,15.713839362793982,15.713839362793982,15.713839362793982,15.713839362793982,15.713839362793982,16.260359036815068,18.37320515343704,17.96382045043384
strat H2O,2.1438111598636818,2.1438111598636818,2.1438111598636818,2.1438111598636818,2.1438111598636818,2.1438111598636818,2.1438111598636818,2.1438111598636818,2.1438111598636818,2.1438111598636818,2.1438111598636818,2.46383554294041,2.6645714039151893,2.5887960168351163
